slot,N,MAE,Bias,std
46,107,2965.6840,-1071.5030,3807.4230
44,107,2957.2944,-1419.5463,3653.9646
47,107,2921.5958,-847.5485,3806.9645
43,107,2913.3034,-331.7935,3852.0118
38,107,2894.2949,-326.7149,3667.7239
45,107,2894.0962,-1215.7184,3682.8910
52,107,2880.7666,-8.9479,3834.8185
42,107,2856.6095,-290.1464,3793.3499
53,107,2845.1806,47.8222,3786.4416
39,107,2833.2238,-423.8657,3670.5045
